,ts_code,name,count,exchange,list_date,type
0,864005.TI,区块链,20,A,20200102,N
1,864006.TI,固态电池,1,A,20200102,N
2,864007.TI,太阳能,16,A,20200102,N
3,864008.TI,激光雷达,2,A,20200102,N
4,864009.TI,CAR-T,11,A,20200102,N
5,864010.TI,NFT,15,A,20200102,N
6,864011.TI,社交概念,6,A,20200102,N
7,864012.TI,氢能源,3,A,20200102,N
8,864013.TI,WSB概念,14,A,20200102,N
9,864014.TI,基因编辑,5,A,20200102,N
10,864015.TI,邮轮,4,A,20200102,N
11,864016.TI,OLED,4,A,20200102,N
12,864017.TI,太空旅行,12,A,20200102,N
13,864018.TI,AR&元宇宙,10,A,20200102,N
14,864019.TI,老年痴呆,4,A,20200102,N
15,864020.TI,大麻,19,A,20200102,N
16,864021.TI,充电桩,3,A,20200102,N
17,864022.TI,5G,18,A,20200102,N
18,864023.TI,远程办公,4,A,20200102,N
19,864024.TI,3D打印,7,A,20200102,N
20,864025.TI,无人机,2,A,20200102,N
21,864026.TI,SaaS,30,A,20200102,N
22,864027.TI,新冠概念,25,A,20200102,N
23,864028.TI,新能源车,17,A,20200102,N
24,864029.TI,川普概念股,3,A,20211001,N
25,864030.TI,猴痘概念股,6,A,20220517,N
26,864031.TI,避孕概念股,6,A,20220623,N
27,864032.TI,网络安全,6,A,20220824,N
28,864033.TI,卫星概念,4,A,20220905,N
29,864034.TI,世界杯,17,A,20221118,N
30,864035.TI,超级碗,11,A,20230201,N
31,864036.TI,ChatGPT,41,A,20230208,N
32,864037.TI,人工智能,23,A,20230208,N
33,864038.TI,硅谷银行倒闭,36,A,20230313,N
34,864039.TI,ChatGPT插件,3,A,20230327,N
35,883300.TI,沪深300样本股,300,A,20100413,N
36,883301.TI,上证50样本股,50,A,20150922,N
37,883302.TI,上证180成份股,180,A,20150922,N
38,883303.TI,上证380成份股,380,A,20150922,N
39,883304.TI,中证500成份股,500,A,20150916,N
40,885284.TI,稀缺资源,46,A,20070808,N
41,885311.TI,智能电网,192,A,20070808,N
42,885312.TI,物联网,333,A,20090925,N
43,885333.TI,移动支付,71,A,20100329,N
44,885338.TI,融资融券,3590,A,20100517,N
45,885343.TI,稀土永磁,56,A,20100729,N
46,885345.TI,新疆振兴,68,A,20100927,N
47,885355.TI,石墨烯,79,A,20110411,N
48,885362.TI,云计算,215,A,20110701,N
49,885372.TI,页岩气,39,A,20120903,N
50,885376.TI,苹果概念,124,A,20120903,N
51,885378.TI,智慧城市,286,A,20120913,N
52,885386.TI,建筑节能,73,A,20220317,N
53,885398.TI,煤化工,81,A,20130422,N
54,885402.TI,智能医疗,116,A,20130422,N
55,885403.TI,生物医药,193,A,20130422,N
56,885406.TI,食品安全,56,A,20130507,N
57,885410.TI,固废处理,122,A,20130508,N
58,885412.TI,污水处理,191,A,20130508,N
59,885413.TI,创投,313,A,20130508,N
60,885418.TI,文化传媒,190,A,20130508,N
61,885420.TI,电子商务,484,A,20130509,N
62,885423.TI,安防,131,A,20130509,N
63,885425.TI,特高压,101,A,20130509,N
64,885426.TI,海工装备,46,A,20130509,N
65,885427.TI,高端装备,257,A,20130509,N
66,885428.TI,特钢概念,25,A,20130509,N
67,885430.TI,天然气,137,A,20130509,N
68,885431.TI,新能源汽车,764,A,20130509,N
69,885433.TI,节能照明,81,A,20130509,N
70,885439.TI,土地流转,35,A,20130513,N
71,885452.TI,大数据,325,A,20130520,N
72,885454.TI,智能穿戴,90,A,20130606,N
73,885456.TI,互联网金融,147,A,20130627,N
74,885457.TI,手机游戏,58,A,20130701,N
75,885459.TI,网络安全,158,A,20130702,N
76,885461.TI,充电桩,270,A,20130722,N
77,885462.TI,乳业,33,A,20130725,N
78,885467.TI,特斯拉,223,A,20130807,N
79,885472.TI,上海自贸区,57,A,20130813,N
80,885478.TI,智能家居,159,A,20130902,N
81,885480.TI,在线教育,125,A,20130902,N
82,885487.TI,天津自贸区,16,A,20131010,N
83,885490.TI,民营医院,61,A,20131021,N
84,885493.TI,上海国企改革,74,A,20131025,N
85,885494.TI,一带一路,498,A,20131025,N
86,885497.TI,旅游概念,71,A,20131105,N
87,885500.TI,通用航空,39,A,20131121,N
88,885502.TI,冷链物流,130,A,20131205,N
89,885505.TI,生态农业,38,A,20131210,N
90,885508.TI,禽流感,31,A,20131224,N
91,885514.TI,京津冀一体化,93,A,20140404,N
92,885517.TI,机器人概念,565,A,20140410,N
93,885520.TI,沪股通,1359,A,20140414,N
94,885521.TI,粤港澳大湾区,228,A,20140414,N
95,885522.TI,养老概念,118,A,20140415,N
96,885525.TI,白酒概念,48,A,20140415,N
97,885530.TI,黄金概念,58,A,20140421,N
98,885531.TI,光伏概念,524,A,20140421,N
99,885537.TI,3D打印,88,A,20140425,N
100,885539.TI,医疗器械概念,314,A,20140428,N
101,885540.TI,三胎概念,138,A,20140428,N
102,885543.TI,家用电器,91,A,20140505,N
103,885544.TI,新材料概念,366,A,20140506,N
104,885545.TI,汽车电子,259,A,20140507,N
105,885551.TI,氟化工概念,26,A,20140513,N
106,885552.TI,小金属概念,132,A,20140513,N
107,885555.TI,PM2.5,32,A,20140513,N
108,885556.TI,5G,377,A,20140513,N
109,885560.TI,金改,46,A,20140515,N
110,885562.TI,高铁,106,A,20140515,N
111,885563.TI,节能环保,287,A,20140515,N
112,885564.TI,无人机,182,A,20140516,N
113,885566.TI,大飞机,102,A,20140519,N
114,885568.TI,国产软件,256,A,20140521,N
115,885570.TI,期货概念,74,A,20140521,N
116,885571.TI,核电,184,A,20140521,N
117,885572.TI,水利,137,A,20140522,N
118,885573.TI,猪肉,32,A,20140522,N
119,885574.TI,卫星导航,139,A,20140523,N
120,885578.TI,基因测序,49,A,20140527,N
121,885580.TI,足球概念,23,A,20140606,N
122,885586.TI,职业教育,103,A,20140630,N
123,885587.TI,举牌,28,A,20140704,N
124,885591.TI,中韩自贸区,9,A,20140714,N
125,885595.TI,央企国企改革,366,A,20140717,N
126,885598.TI,新股与次新股,270,A,20140731,N
127,885603.TI,网络游戏,71,A,20140821,N
128,885611.TI,阿里巴巴概念,149,A,20140930,N
129,885615.TI,体育产业,89,A,20141024,N
130,885617.TI,福建自贸区,124,A,20141031,N
131,885619.TI,工业4.0,263,A,20141126,N
132,885620.TI,参股券商,121,A,20141202,N
133,885623.TI,参股保险,78,A,20141204,N
134,885629.TI,农村电商,37,A,20141224,N
135,885633.TI,染料,16,A,20150123,N
136,885640.TI,草甘膦,14,A,20150511,N
137,885641.TI,风电,278,A,20150511,N
138,885642.TI,跨境电商,206,A,20150511,N
139,885647.TI,互联网彩票,12,A,20150511,N
140,885650.TI,碳纤维,44,A,20150511,N
141,885652.TI,钛白粉概念,14,A,20150511,N
142,885657.TI,供应链金融,53,A,20150812,N
143,885661.TI,医药电商,61,A,20150812,N
144,885662.TI,车联网,133,A,20150812,N
145,885663.TI,证金持股,194,A,20150812,N
146,885675.TI,集成电路概念,231,A,20150812,N
147,885690.TI,PPP概念,173,A,20150828,N
148,885692.TI,地下管网,72,A,20150828,N
149,885694.TI,深股通,1530,A,20150911,N
150,885697.TI,深圳国企改革,31,A,20150911,N
151,885699.TI,ST板块,114,A,20150915,N
152,885700.TI,军工,510,A,20150915,N
153,885701.TI,杭州亚运会,114,A,20150916,N
154,885703.TI,健康中国,110,A,20151028,N
155,885705.TI,乡村振兴,267,A,20151104,N
156,885706.TI,农机,53,A,20151104,N
157,885709.TI,虚拟现实,267,A,20151112,N
158,885710.TI,锂电池,418,A,20151113,N
159,885728.TI,人工智能,612,A,20151202,N
160,885729.TI,参股新三板,168,A,20151229,N
161,885730.TI,量子科技,45,A,20160229,N
162,885733.TI,航运概念,36,A,20160310,N
163,885734.TI,广东自贸区,24,A,20160310,N
164,885736.TI,无人驾驶,208,A,20160318,N
165,885737.TI,电子竞技,34,A,20160401,N
166,885738.TI,OLED,126,A,20160505,N
167,885739.TI,股权转让,128,A,20161012,N
168,885740.TI,债转股(AMC概念),52,A,20161014,N
169,885741.TI,中字头股票,135,A,20161205,N
170,885742.TI,摘帽,35,A,20170302,N
171,885743.TI,军民融合,168,A,20170324,N
172,885744.TI,雄安新区,190,A,20170405,N
173,885745.TI,MSCI概念,566,A,20170622,N
174,885747.TI,共享单车,9,A,20170623,N
175,885748.TI,可燃冰,12,A,20170623,N
176,885749.TI,蚂蚁金服概念,54,A,20170623,N
177,885750.TI,特色小镇,36,A,20170623,N
178,885753.TI,网约车,18,A,20170623,N
179,885756.TI,芯片概念,484,A,20170718,N
180,885757.TI,区块链,235,A,20170803,N
181,885758.TI,租售同权,20,A,20170803,N
182,885759.TI,人脸识别,92,A,20170825,N
183,885760.TI,装配式建筑,92,A,20170918,N
184,885761.TI,超级品牌,40,A,20171031,N
185,885764.TI,自由贸易港,33,A,20171114,N
186,885765.TI,互联网医疗,106,A,20171117,N
187,885766.TI,智能交通,125,A,20171117,N
188,885767.TI,互联网保险,17,A,20171117,N
189,885768.TI,无人零售,19,A,20171117,N
190,885769.TI,细胞免疫治疗,30,A,20171117,N
191,885770.TI,智能物流,124,A,20171117,N
192,885771.TI,智能音箱,45,A,20171117,N
193,885772.TI,语音技术,22,A,20171120,N
194,885774.TI,无线充电,42,A,20171127,N
195,885775.TI,燃料电池,184,A,20171128,N
196,885779.TI,腾讯概念,159,A,20171218,N
197,885780.TI,啤酒概念,18,A,20180108,N
198,885781.TI,石墨电极,20,A,20180108,N
199,885782.TI,水泥概念,37,A,20180109,N
200,885783.TI,工业互联网,267,A,20180226,N
201,885784.TI,新零售,302,A,20180228,N
202,885785.TI,小米概念,280,A,20180306,N
203,885786.TI,富士康概念,62,A,20180306,N
204,885787.TI,独角兽概念,107,A,20180306,N
205,885788.TI,网络直播,183,A,20180312,N
206,885789.TI,宁德时代概念,220,A,20180314,N
207,885790.TI,边缘计算,165,A,20180402,N
208,885791.TI,知识产权保护,49,A,20180411,N
209,885792.TI,赛马概念,8,A,20180416,N
210,885795.TI,国产航母,35,A,20180514,N
211,885796.TI,送转填权,1,A,20180522,N
212,885797.TI,百度概念,155,A,20180612,N
213,885798.TI,燃料乙醇,5,A,20180612,N
214,885800.TI,消费电子概念,248,A,20180830,N
215,885802.TI,壳资源,63,A,20181024,N
216,885805.TI,芬太尼,6,A,20181204,N
217,885806.TI,华为概念,862,A,20181207,N
218,885808.TI,养鸡,22,A,20190212,N
219,885809.TI,柔性屏,71,A,20190219,N
220,885810.TI,大豆,12,A,20190220,N
221,885811.TI,玉米,23,A,20190220,N
222,885812.TI,农业种植,63,A,20190221,N
223,885814.TI,信托概念,24,A,20190228,N
224,885816.TI,超清视频,101,A,20190305,N
225,885818.TI,工业大麻,43,A,20190307,N
226,885819.TI,电力物联网,69,A,20190313,N
227,885820.TI,数字孪生,115,A,20190313,N
228,885823.TI,氢能源,288,A,20190319,N
229,885825.TI,冰雪产业,26,A,20190401,N
230,885827.TI,横琴新区,46,A,20190402,N
231,885829.TI,丙烯酸,10,A,20190409,N
232,885832.TI,长三角一体化,127,A,20190411,N
233,885834.TI,华为汽车,142,A,20210419,N
234,885835.TI,参股银行,155,A,20190416,N
235,885838.TI,眼科医疗,42,A,20190426,N
236,885839.TI,人造肉,21,A,20190508,N
237,885840.TI,人民币贬值受益,448,A,20190513,N
238,885842.TI,数字乡村,70,A,20190517,N
239,885843.TI,华为海思概念股,31,A,20190521,N
240,885844.TI,国产操作系统,65,A,20190522,N
241,885845.TI,生物疫苗,54,A,20190527,N
242,885846.TI,动物疫苗,17,A,20190527,N
243,885849.TI,黑龙江自贸区,40,A,20190605,N
244,885851.TI,烟草,35,A,20190617,N
245,885852.TI,青蒿素,10,A,20190618,N
246,885854.TI,垃圾分类,91,A,20190621,N
247,885856.TI,仿制药一致性评价,95,A,20190625,N
248,885860.TI,中船系,11,A,20190703,N
249,885861.TI,ETC,43,A,20190708,N
250,885863.TI,磷化工,45,A,20190715,N
251,885864.TI,光刻胶,63,A,20190718,N
252,885865.TI,钴,28,A,20190808,N
253,885866.TI,数字货币,76,A,20190918,N
254,885867.TI,标普道琼斯A股,1070,A,20190923,N
255,885868.TI,无线耳机,89,A,20191105,N
256,885869.TI,年报预增,482,A,20191115,N
257,885871.TI,胎压监测,27,A,20191205,N
258,885873.TI,分拆上市意愿,67,A,20191216,N
259,885874.TI,云游戏,25,A,20191216,N
260,885875.TI,MiniLED,80,A,20191217,N
261,885876.TI,网红经济,88,A,20191227,N
262,885877.TI,转基因,13,A,20200106,N
263,885878.TI,HJT电池,53,A,20200120,N
264,885879.TI,流感,139,A,20200121,N
265,885881.TI,云办公,42,A,20200203,N
266,885882.TI,消毒剂,56,A,20200206,N
267,885883.TI,医疗废物处理,35,A,20200207,N
268,885884.TI,航空发动机,51,A,20200219,N
269,885886.TI,超级电容,33,A,20200224,N
270,885887.TI,数据中心,253,A,20200306,N
271,885888.TI,C2M概念,39,A,20200330,N
272,885890.TI,抖音概念,128,A,20200424,N
273,885893.TI,国家大基金持股,46,A,20200520,N
274,885894.TI,海南自贸区,29,A,20200603,N
275,885895.TI,室外经济,24,A,20200603,N
276,885897.TI,中芯国际概念,67,A,20200703,N
277,885898.TI,免税店,34,A,20200706,N
278,885899.TI,新型烟草,45,A,20200708,N
279,885900.TI,NMN概念,25,A,20200716,N
280,885901.TI,可降解塑料,66,A,20200805,N
281,885902.TI,汽车拆解概念,18,A,20200805,N
282,885903.TI,环氧丙烷,14,A,20200813,N
283,885904.TI,代糖概念,23,A,20200814,N
284,885905.TI,注册制次新股,207,A,20200825,N
285,885906.TI,核准制次新股,1,A,20200824,N
286,885907.TI,科创次新股,58,A,20200824,N
287,885908.TI,第三代半导体,100,A,20200907,N
288,885909.TI,辅助生殖,60,A,20201023,N
289,885910.TI,拼多多概念,32,A,20201026,N
290,885911.TI,社区团购,38,A,20201110,N
291,885912.TI,有机硅概念,41,A,20201113,N
292,885913.TI,医美概念,70,A,20201116,N
293,885914.TI,煤炭概念,77,A,20201221,N
294,885915.TI,物业管理,104,A,20210108,N
295,885916.TI,同花顺漂亮100,100,A,20210120,N
296,885918.TI,快手概念,41,A,20210126,N
297,885919.TI,碳中和,185,A,20210302,N
298,885920.TI,光伏建筑一体化,109,A,20210309,N
299,885921.TI,储能,423,A,20210423,N
300,885922.TI,盐湖提锂,43,A,20210602,N
301,885923.TI,鸿蒙概念,128,A,20210603,N
302,885924.TI,共同富裕示范区,162,A,20210615,N
303,885925.TI,MCU芯片,49,A,20210621,N
304,885926.TI,牙科医疗,23,A,20210622,N
305,885927.TI,CRO概念,48,A,20210707,N
306,885928.TI,钠离子电池,79,A,20210715,N
307,885929.TI,专精特新,869,A,20210818,N
308,885930.TI,工业母机,92,A,20210824,N
309,885931.TI,PVDF概念,12,A,20210903,N
310,885932.TI,北交所概念,30,A,20210903,N
311,885933.TI,NFT概念,66,A,20210908,N
312,885934.TI,元宇宙,171,A,20210909,N
313,885935.TI,抽水蓄能,49,A,20210909,N
314,885936.TI,绿色电力,172,A,20210923,N
315,885937.TI,培育钻石,15,A,20211018,N
316,885938.TI,换电概念,65,A,20211019,N
317,885939.TI,海峡两岸,50,A,20211103,N
318,885940.TI,WiFi 6,44,A,20211104,N
319,885941.TI,智能制造,360,A,20211105,N
320,885942.TI,数据安全,113,A,20211129,N
321,885943.TI,EDR概念,19,A,20211206,N
322,885944.TI,动力电池回收,63,A,20211209,N
323,885945.TI,汽车芯片,73,A,20211209,N
324,885946.TI,传感器,147,A,20211210,N
325,885947.TI,DRG/DIP,14,A,20211215,N
326,885948.TI,柔性直流输电,47,A,20211216,N
327,885950.TI,虚拟数字人,115,A,20211222,N
328,885951.TI,预制菜,103,A,20220105,N
329,885952.TI,幽门螺杆菌概念,67,A,20220106,N
330,885953.TI,电子纸,19,A,20220110,N
331,885955.TI,重组蛋白,31,A,20220118,N
332,885956.TI,智慧政务,139,A,20220120,N
333,885957.TI,东数西算（算力）,164,A,20220126,N
334,885958.TI,硅能源,37,A,20220127,N
335,885959.TI,PCB概念,79,A,20220128,N
336,885960.TI,民爆概念,19,A,20220207,N
337,885961.TI,净水概念,33,A,20220214,N
338,885962.TI,土壤修复,78,A,20220218,N
339,885963.TI,智慧灯杆,44,A,20220221,N
340,885964.TI,俄乌冲突概念,69,A,20220225,N
341,885965.TI,中俄贸易概念,116,A,20220228,N
342,885966.TI,跨境支付（CIPS）,50,A,20220228,N
343,885967.TI,化肥,55,A,20220304,N
344,885968.TI,托育服务,19,A,20220307,N
345,885969.TI,金属镍,31,A,20220309,N
346,885970.TI,金属锌,24,A,20220309,N
347,885971.TI,金属铅,23,A,20220309,N
348,885972.TI,金属回收,35,A,20220309,N
349,885973.TI,金属铜,45,A,20220310,N
350,885974.TI,两轮车,24,A,20220310,N
351,885975.TI,电子身份证,37,A,20220314,N
352,885976.TI,数字经济,285,A,20220314,N
353,885977.TI,国资云,47,A,20220317,N
354,885978.TI,低辐射玻璃（Low-E）,12,A,20220318,N
355,885980.TI,华为鲲鹏,117,A,20220318,N
356,885981.TI,家庭医生,24,A,20220321,N
357,885982.TI,华为欧拉,33,A,20220322,N
358,885984.TI,恒大概念,44,A,20220322,N
359,885985.TI,毛发医疗,18,A,20220325,N
360,885986.TI,碳交易,50,A,20220328,N
361,885987.TI,MicroLED概念,37,A,20220329,N
362,885988.TI,统一大市场,98,A,20220412,N
363,885989.TI,肝炎概念,119,A,20220425,N
364,885990.TI,露营经济,51,A,20220509,N
365,885991.TI,新型城镇化,174,A,20220510,N
366,885992.TI,噪声防治,17,A,20220511,N
367,885994.TI,猴痘概念,59,A,20220524,N
368,885995.TI,粮食概念,38,A,20220526,N
369,885996.TI,超超临界发电,74,A,20220608,N
370,885997.TI,比亚迪概念,465,A,20220609,N
371,885998.TI,F5G概念,32,A,20220614,N
372,885999.TI,汽车热管理,102,A,20220620,N
373,886000.TI,一体化压铸,44,A,20220628,N
374,886001.TI,高压快充,72,A,20220704,N
375,886002.TI,机器视觉,166,A,20220704,N
376,886003.TI,钒电池,28,A,20220704,N
377,886004.TI,虚拟电厂,71,A,20220711,N
378,886005.TI,生物质能发电,37,A,20220719,N
379,886006.TI,钙钛矿电池,42,A,20220721,N
380,886007.TI,TOPCON电池,61,A,20220721,N
381,886008.TI,减速器,91,A,20220729,N
382,886009.TI,先进封装,103,A,20220808,N
383,886010.TI,空气能热泵,45,A,20220811,N
384,886011.TI,光热发电,35,A,20220818,N
385,886012.TI,宠物经济,42,A,20220826,N
386,886013.TI,信创,238,A,20220916,N
387,886014.TI,世界杯,41,A,20221020,N
388,886015.TI,创新药,153,A,20221020,N
389,886016.TI,供销社,15,A,20221101,N
390,886017.TI,Web3.0,53,A,20221110,N
391,886018.TI,高压氧舱,8,A,20221114,N
392,886019.TI,AIGC概念,154,A,20221116,N
393,886020.TI,PET铜箔,35,A,20221122,N
394,886021.TI,国企改革,1382,A,20221125,N
395,886022.TI,抗原检测,71,A,20221128,N
396,886023.TI,数据确权,56,A,20221205,N
397,886024.TI,抗病毒面料,20,A,20221205,N
398,886026.TI,POE胶膜,25,A,20221212,N
399,886027.TI,新冠特效药,33,A,20221216,N
400,886028.TI,血氧仪,22,A,20221227,N
401,886030.TI,成飞概念,34,A,20230130,N
402,886031.TI,ChatGPT概念,112,A,20230131,N
403,886032.TI,固态电池,90,A,20230208,N
404,886033.TI,共封装光学（CPO）,73,A,20230210,N
405,886034.TI,数字水印,29,A,20230214,N
406,886035.TI,毫米波雷达,79,A,20230222,N
407,886036.TI,时空大数据,46,A,20230302,N
408,886037.TI,6G概念,49,A,20230302,N
409,886038.TI,超导概念,20,A,20230310,N
410,886039.TI,ERP概念,24,A,20230321,N
411,886040.TI,MLOps概念,18,A,20230404,N
412,886041.TI,数据要素,244,A,20230411,N
413,886042.TI,存储芯片,75,A,20230413,N
414,886043.TI,太赫兹,20,A,20230420,N
415,886044.TI,液冷服务器,63,A,20230427,N
416,886045.TI,同花顺中特估100,100,A,20230505,N
417,886046.TI,MR（混合现实）,57,A,20230522,N
418,886047.TI,脑机接口,18,A,20230529,N
419,886048.TI,英伟达概念,53,A,20230530,N
420,886049.TI,空间计算,48,A,20230609,N
421,886050.TI,算力租赁,89,A,20230612,N
422,886051.TI,减肥药,42,A,20230810,N
423,886052.TI,核污染防治,47,A,20230828,N
424,886053.TI,BC电池,34,A,20230906,N
425,886054.TI,光刻机,30,A,20230908,N
426,886055.TI,星闪概念,48,A,20230912,N
427,886056.TI,阿尔茨海默概念,25,A,20230919,N
428,886057.TI,新型工业化,187,A,20230925,N
429,886058.TI,华为昇腾,32,A,20231025,N
430,886059.TI,智能座舱,71,A,20231103,N
431,886060.TI,短剧游戏,42,A,20231107,N
432,886061.TI,长安汽车概念,193,A,20231127,N
433,886062.TI,多模态AI,82,A,20231208,N
434,886063.TI,PEEK材料,15,A,20231220,N
435,886064.TI,小米汽车,47,A,20231228,N
436,886065.TI,可控核聚变,33,A,20240102,N
437,886066.TI,飞行汽车(eVTOL),39,A,20240111,N
438,886067.TI,低空经济,139,A,20240126,N
439,886068.TI,Sora概念(文生视频),23,A,20240219,N
440,886069.TI,人形机器人,31,A,20240227,N
441,886070.TI,AI手机,19,A,20240304,N
442,886071.TI,AI PC,13,A,20240305,N
443,886072.TI,高股息精选,243,A,20240312,N
444,886073.TI,铜缆高速连接,24,A,20240320,N
445,886074.TI,AI语料,31,A,20240325,N
446,886075.TI,同花顺出海50,50,A,20240403,N
